id,taxonomy
CP017839.1,Nocardia
CP016904.1,Ralstonia
HG738867.1,Escherichia
CP029346.1,Aquirufa
CP021333.1,Marinobacter
CP021330.1,Maritalea
AP017457.1,Aurantimicrobium
CP016269.1,Bacteria
KT364412.1,Myxosporea
KT364411.1,Myxosporea
KT364410.1,Myxosporea
LN846994.1,Yarrowia
LN846993.1,Yarrowia
LN846992.1,Yarrowia
LN846991.1,Yarrowia
LN846990.1,Yarrowia
LN846989.1,Yarrowia
LN846988.1,Yarrowia
LN846987.1,Yarrowia
LN846986.1,Yarrowia
LN846985.1,Yarrowia
LN846984.1,Yarrowia
LN846983.1,Yarrowia
LN846982.1,Yarrowia
LN846981.1,Yarrowia
EU304548.1,marine
OZ297651.1,protist
OZ297650.1,protist
OZ297649.1,protist
OZ297648.1,protist
OZ297647.1,protist
OZ297646.1,protist
OZ297645.1,protist
OZ297644.1,protist
OZ297643.1,protist
OZ297642.1,protist
OZ297641.1,protist
OZ297640.1,protist
OZ297639.1,protist
OZ297638.1,protist
OZ297637.1,protist
OZ297636.1,protist
OZ297635.1,protist
OZ297634.1,protist
OZ297633.1,protist
OZ297632.1,protist
OZ297631.1,protist
OZ297630.1,protist
OZ297629.1,protist
OZ297628.1,protist
OZ297627.1,protist
OZ297626.1,protist
OZ297625.1,protist
OZ297624.1,protist
OZ297623.1,protist
OZ297622.1,protist
OZ297621.1,protist
OZ297620.1,protist
OZ253832.1,fungus
OZ253829.1,fungus
OZ253828.1,fungus
OZ253827.1,fungus
OZ253826.1,fungus
OZ253825.1,fungus
OZ253823.1,fungus
OZ253821.1,fungus
OZ253820.1,fungus
OZ253819.1,fungus
OZ253818.1,fungus
OZ253817.1,fungus
OZ253816.1,fungus
OZ253815.1,fungus
OZ253814.1,fungus
OZ253813.1,fungus
OZ253812.1,fungus
OZ253811.1,fungus
OZ253810.1,fungus
OZ253809.1,fungus
OZ253808.1,fungus
OZ253807.1,fungus
OZ253806.1,fungus
OZ253805.1,fungus
OZ253804.1,fungus
OZ253803.1,fungus
OZ253802.1,fungus
OZ253801.1,fungus
OZ253800.1,fungus
OZ253799.1,fungus
OZ253798.1,fungus
OZ253797.1,fungus
OZ253796.1,fungus
OZ253795.1,fungus
OZ253794.1,fungus
OZ253792.1,fungus
OZ253791.1,fungus
OZ253790.1,fungus
OZ253789.1,fungus
OZ253788.1,fungus
OZ253787.1,fungus
OZ253786.1,fungus
KT390098.1,marine
KT390092.1,marine
KT390083.1,marine
KT390075.1,marine
KT390072.1,marine
KT390067.1,marine
KT390063.1,marine
KT390062.1,marine
KT390051.1,marine
KT390035.1,marine
KT390029.1,marine
KT390016.1,marine
KT390013.1,marine
KT390012.1,marine
KT390011.1,marine
KT390009.1,marine
KT390008.1,marine
KT390007.1,marine
KT390004.1,marine
KT390003.1,marine
KT389960.1,marine
KT389957.1,marine
KT389955.1,marine
KT389944.1,marine
KT389931.1,marine
KT389930.1,marine
KT389928.1,marine
KT389927.1,marine
KT389924.1,marine
KT389923.1,marine
KT389922.1,marine
KT389919.1,marine
KT389917.1,marine
KT389916.1,marine
KT389915.1,marine
KT389914.1,marine
KT389912.1,marine
KT389911.1,marine
KT389908.1,marine
KT389901.1,marine
KT389872.1,marine
KT389871.1,marine
KT389869.1,marine
KP099875.1,marine
MF992111.1,marine
KP099898.1,marine
KP099895.1,marine
KP099883.1,marine
KP099871.1,marine
KP099868.1,marine
KP099856.1,Oithona
KP099855.1,marine
KP099852.1,marine
KP099851.1,marine
KP099847.1,marine
KP099834.1,Oithona
KP099831.1,marine
KP099828.1,Pleurobrachia
KP099826.1,marine
KP099824.1,marine
KP099821.1,marine
KP099746.1,marine
GQ383513.1,marine
GQ383512.1,marine
GQ383511.1,marine
GQ383510.1,marine
GQ383509.1,marine
GQ383508.1,marine
GQ383507.1,marine
GQ383506.1,marine
GQ383505.1,marine
GQ383504.1,marine
GQ383503.1,marine
GQ383502.1,marine
GQ383501.1,marine
GQ383500.1,marine
GQ383499.1,marine
GQ383498.1,marine
GQ383497.1,marine
GQ383496.1,marine
GQ383495.1,marine
GQ383494.1,marine
GQ383493.1,marine
GQ383492.1,marine
GQ383491.1,marine
GQ383490.1,marine
GQ383489.1,marine
GQ383488.1,marine
GQ383487.1,marine
GQ383486.1,marine
GQ383485.1,marine
GQ383484.1,marine
GQ383483.1,marine
GQ383482.1,marine
GQ383481.1,marine
GQ383480.1,marine
GQ383479.1,marine
GQ383478.1,marine
GQ383477.1,marine
GQ383476.1,marine
GQ383475.1,marine
GQ383474.1,marine
GQ383473.1,marine
GQ383472.1,marine
GQ383471.1,marine
GQ383470.1,marine
GQ383469.1,marine
GQ383468.1,marine
GQ383467.1,marine
GQ383466.1,marine
GQ383465.1,marine
GQ383464.1,marine
GQ383463.1,marine
GQ383462.1,marine
GQ383461.1,marine
GQ383460.1,marine
GQ383459.1,marine
GQ383458.1,marine
GQ383457.1,marine
GQ383456.1,marine
GQ383455.1,marine
GQ383454.1,marine
GQ383453.1,marine
GQ383452.1,marine
GQ383451.1,marine
GQ383450.1,marine
GQ383449.1,marine
GQ383448.1,marine
GQ383447.1,marine
GQ383446.1,marine
GQ383445.1,marine
GQ383444.1,marine
GQ383443.1,marine
GQ383442.1,marine
GQ383441.1,marine
GQ383440.1,marine
GQ383439.1,marine
GQ383438.1,marine
GQ383437.1,marine
GQ383436.1,marine
GQ383435.1,marine
GQ383434.1,marine
GQ383433.1,marine
GQ383432.1,marine
GQ383431.1,marine
GQ383430.1,marine
GQ383429.1,marine
GQ383428.1,marine
GQ383427.1,marine
GQ383426.1,marine
GQ383425.1,marine
GQ383424.1,marine
GQ383423.1,marine
GQ383422.1,marine
GQ383421.1,marine
GQ383420.1,marine
GQ383419.1,marine
GQ383418.1,marine
GQ383417.1,marine
GQ383416.1,marine
GQ383415.1,marine
GQ383414.1,marine
GQ383413.1,marine
GQ383412.1,marine
GQ383411.1,marine
GQ383410.1,marine
GQ383409.1,marine
GQ383408.1,marine
GQ383407.1,marine
GQ383406.1,marine
GQ383405.1,marine
GQ383404.1,marine
GQ383403.1,marine
GQ383402.1,marine
GQ383401.1,marine
GQ383400.1,marine
GQ383399.1,marine
GQ383398.1,marine
GQ383397.1,marine
GQ383396.1,marine
GQ383395.1,marine
GQ383394.1,marine
GQ383393.1,marine
GQ383392.1,marine
GQ383391.1,marine
GQ383390.1,marine
GQ383389.1,marine
GQ383388.1,marine
GQ383387.1,marine
GQ383386.1,marine
GQ383385.1,marine
GQ383384.1,marine
GQ383383.1,marine
GQ383382.1,marine
GQ383381.1,marine
GQ383380.1,marine
GQ383379.1,marine
GQ383378.1,marine
GQ383377.1,marine
GQ383376.1,marine
GQ383375.1,marine
GQ383374.1,marine
GQ383373.1,marine
GQ383372.1,marine
GQ383371.1,marine
GQ383370.1,marine
GQ383369.1,marine
GQ383368.1,marine
GQ383367.1,marine
GQ383366.1,marine
GQ383365.1,marine
GQ383364.1,marine
GQ383363.1,marine
GQ383362.1,marine
GQ383361.1,marine
GQ383360.1,marine
GQ383359.1,marine
GQ383358.1,marine
GQ383357.1,marine
GQ383356.1,marine
GQ383355.1,marine
GQ383354.1,marine
GQ383353.1,marine
GQ383352.1,marine
GQ383351.1,marine
GQ383350.1,marine
GQ383349.1,marine
GQ383348.1,marine
GQ383347.1,marine
GQ383346.1,marine
GQ383345.1,marine
GQ383344.1,marine
GQ383343.1,marine
GQ383342.1,marine
GQ383341.1,marine
GQ383340.1,marine
GQ383339.1,marine
GQ383338.1,marine
GQ383337.1,marine
GQ383336.1,marine
GQ383335.1,marine
GQ383334.1,marine
GQ383333.1,marine
GQ383332.1,marine
GQ383331.1,marine
GQ383330.1,marine
GQ383329.1,marine
GQ383328.1,marine
GQ383327.1,marine
GQ383326.1,marine
GQ383325.1,marine
GQ383324.1,marine
GQ383323.1,marine
GQ383322.1,marine
GQ383321.1,marine
GQ383320.1,marine
GQ383319.1,marine
GQ383318.1,marine
GQ383317.1,marine
GQ383316.1,marine
GQ383315.1,marine
GQ383314.1,marine
GQ383313.1,marine
GQ383312.1,marine
GQ383311.1,marine
GQ383310.1,marine
GQ383309.1,marine
GQ383308.1,marine
GQ383307.1,marine
GQ383306.1,marine
GQ383305.1,marine
GQ383304.1,marine
GQ383303.1,marine
GQ383302.1,marine
GQ383301.1,marine
GQ383300.1,marine
GQ383299.1,marine
GQ383298.1,marine
GQ383297.1,marine
GQ383296.1,marine
GQ383295.1,marine
GQ383294.1,marine
GQ383293.1,marine
GQ383292.1,marine
GQ383291.1,marine
GQ383290.1,marine
GQ383289.1,marine
GQ383288.1,marine
GQ383287.1,marine
GQ383286.1,marine
GQ383285.1,marine
GQ383284.1,marine
GQ383283.1,marine
GQ383282.1,marine
GQ383281.1,marine
GQ383280.1,marine
GQ383279.1,marine
GQ383278.1,marine
GQ383277.1,marine
GQ383276.1,marine
GQ383275.1,marine
GQ383274.1,marine
GQ383273.1,marine
GQ383272.1,marine
GQ383271.1,marine
GQ383270.1,marine
GQ383269.1,marine
GQ383268.1,marine
GQ383267.1,marine
GQ383266.1,marine
GQ383265.1,marine
GQ383264.1,marine
GQ383263.1,marine
GQ383262.1,marine
GQ383261.1,marine
GQ383260.1,marine
GQ383259.1,marine
GQ383258.1,marine
GQ383257.1,marine
GQ383256.1,marine
GQ383255.1,marine
GQ383254.1,marine
GQ383253.1,marine
GQ383252.1,marine
GQ383251.1,marine
GQ383250.1,marine
GQ383249.1,marine
GQ383248.1,marine
GQ383247.1,marine
GQ383246.1,marine
GQ383245.1,marine
GQ383244.1,marine
GQ383243.1,marine
GQ383242.1,marine
GQ383241.1,marine
GQ383240.1,marine
GQ383239.1,marine
GQ383238.1,marine
GQ383237.1,marine
GQ383236.1,marine
GQ383235.1,marine
GQ383234.1,marine
GQ383233.1,marine
GQ383232.1,marine
GQ383231.1,marine
GQ383230.1,marine
GQ383229.1,marine
GQ383228.1,marine
GQ383227.1,marine
GQ383226.1,marine
GQ383225.1,marine
GQ383224.1,marine
GQ383223.1,marine
GQ383222.1,marine
GQ383221.1,marine
GQ383220.1,marine
GQ383219.1,marine
GQ383218.1,marine
GQ383217.1,marine
GQ383216.1,marine
GQ383215.1,marine
GQ383214.1,marine
GQ383213.1,marine
GQ383212.1,marine
GQ383211.1,marine
GQ383210.1,marine
GQ383209.1,marine
GQ383208.1,marine
GQ383207.1,marine
GQ383206.1,marine
GQ383205.1,marine
GQ383204.1,marine
GQ383203.1,marine
GQ383202.1,marine
GQ383201.1,marine
GQ383200.1,marine
GQ383199.1,marine
GQ383198.1,marine
GQ383197.1,marine
GQ383196.1,marine
GQ383195.1,marine
GQ383194.1,marine
GQ383193.1,marine
GQ383192.1,marine
GQ383191.1,marine
GQ383190.1,marine
GQ383189.1,marine
GQ383188.1,marine
GQ383187.1,marine
GQ383186.1,marine
GQ383185.1,marine
GQ383184.1,marine
GQ383183.1,marine
GQ383182.1,marine
GQ383181.1,marine
GQ383180.1,marine
GQ383179.1,marine
GQ383178.1,marine
GQ383177.1,marine
GQ383176.1,marine
GQ383175.1,marine
GQ383174.1,marine
GQ383173.1,marine
GQ383172.1,marine
GQ383171.1,marine
GQ383170.1,marine
GQ383169.1,marine
GQ383168.1,marine
GQ383167.1,marine
GQ383166.1,marine
GQ383165.1,marine
GQ383164.1,marine
GQ383163.1,marine
GQ383162.1,marine
GQ383161.1,marine
GQ383160.1,marine
GQ383159.1,marine
GQ383158.1,marine
GQ383157.1,marine
GQ383156.1,marine
GQ383155.1,marine
GQ383154.1,marine
GQ383153.1,marine
GQ383152.1,marine
GQ383151.1,marine
GQ383150.1,marine
GQ383149.1,marine
GQ383148.1,marine
GQ383147.1,marine
GQ383146.1,marine
GQ383145.1,marine
GQ383144.1,marine
GQ383143.1,marine
GQ383142.1,marine
GQ383141.1,marine
GQ383140.1,marine
GQ383139.1,marine
GQ383138.1,marine
GQ383137.1,marine
GQ383136.1,marine
GQ383135.1,marine
GQ383134.1,marine
GQ383133.1,marine
GQ383132.1,marine
GQ383131.1,marine
GQ383130.1,marine
GQ383129.1,marine
GQ383128.1,marine
GQ383127.1,marine
GQ383126.1,marine
GQ383125.1,marine
GQ383124.1,marine
GQ383123.1,marine
GQ383122.1,marine
GQ383121.1,marine
GQ383120.1,marine
GQ383119.1,marine
GQ383118.1,marine
GQ383117.1,marine
GQ383116.1,marine
GQ383115.1,marine
GQ383114.1,marine
GQ383113.1,marine
GQ383112.1,marine
GQ383111.1,marine
GQ383110.1,marine
GQ383109.1,marine
GQ383108.1,marine
GQ383107.1,marine
GQ383106.1,marine
GQ383105.1,marine
GQ383104.1,marine
GQ383103.1,marine
GQ383102.1,marine
GQ383101.1,marine
GQ383100.1,marine
GQ383099.1,marine
GQ383098.1,marine
GQ383097.1,marine
GQ383096.1,marine
GQ383095.1,marine
GQ383094.1,marine
GQ383093.1,marine
GQ383092.1,marine
GQ383091.1,marine
GQ383090.1,marine
GQ383089.1,marine
GQ383088.1,marine
GQ383087.1,marine
GQ383086.1,marine
GQ383085.1,marine
GQ383084.1,marine
GQ383083.1,marine
GQ383082.1,marine
GQ383081.1,marine
GQ383080.1,marine
GQ383079.1,marine
GQ383078.1,marine
GQ383077.1,marine
GQ383076.1,marine
GQ383075.1,marine
GQ383074.1,marine
GQ383073.1,marine
GQ383072.1,marine
GQ383071.1,marine
GQ383070.1,marine
GQ383069.1,marine
GQ383068.1,marine
GQ383067.1,marine
GQ383066.1,marine
GQ383065.1,marine
GQ383064.1,marine
GQ383063.1,marine
GQ383062.1,marine
GQ383061.1,marine
GQ383060.1,marine
GQ383059.1,marine
GQ383058.1,marine
GQ383057.1,marine
GQ383056.1,marine
GQ383055.1,marine
GQ383054.1,marine
GQ383053.1,marine
GQ383052.1,marine
GQ383051.1,marine
GQ383050.1,marine
GQ383049.1,marine
GQ383048.1,marine
GQ383047.1,marine
GQ383046.1,marine
GQ383045.1,marine
GQ383044.1,marine
GQ383043.1,marine
GQ383042.1,marine
GQ383041.1,marine
GQ383040.1,marine
GQ383039.1,marine
GQ383038.1,marine
GQ383037.1,marine
GQ383036.1,marine
GQ383035.1,marine
GQ383034.1,marine
GQ383033.1,marine
GQ383032.1,marine
GQ383031.1,marine
GQ383030.1,marine
GQ383029.1,marine
GQ383028.1,marine
GQ383027.1,marine
GQ383026.1,marine
GQ383025.1,marine
GQ383024.1,marine
GQ383023.1,marine
GQ383022.1,marine
GQ383021.1,marine
GQ383020.1,marine
GQ383019.1,marine
GQ383018.1,marine
GQ383017.1,marine
GQ383016.1,marine
GQ383015.1,marine
GQ383014.1,marine
GQ383013.1,marine
GQ383012.1,marine
GQ383011.1,marine
GQ383010.1,marine
GQ383009.1,marine
GQ383008.1,marine
GQ383007.1,marine
GQ383006.1,marine
GQ383005.1,marine
GQ383004.1,marine
GQ383003.1,marine
GQ383002.1,marine
GQ383001.1,marine
GQ383000.1,marine
GQ382999.1,marine
GQ382998.1,marine
GQ382997.1,marine
GQ382996.1,marine
GQ382995.1,marine
GQ382994.1,marine
GQ382993.1,marine
GQ382992.1,marine
GQ382991.1,marine
GQ382990.1,marine
GQ382989.1,marine
GQ382988.1,marine
GQ382987.1,marine
GQ382986.1,marine
GQ382985.1,marine
GQ382984.1,marine
GQ382983.1,marine
GQ382982.1,marine
GQ382981.1,marine
GQ382980.1,marine
GQ382979.1,marine
GQ382978.1,marine
GQ382977.1,marine
GQ382976.1,marine
GQ382975.1,marine
GQ382974.1,marine
GQ382973.1,marine
GQ382972.1,marine
GQ382971.1,marine
GQ382970.1,marine
GQ382969.1,marine
GQ382968.1,marine
GQ382967.1,marine
GQ382966.1,marine
GQ382965.1,marine
GQ382964.1,marine
GQ382963.1,marine
GQ382962.1,marine
GQ382961.1,marine
GQ382960.1,marine
GQ382959.1,marine
GQ382958.1,marine
GQ382957.1,marine
GQ382956.1,marine
GQ382955.1,marine
GQ382954.1,marine
GQ382953.1,marine
GQ382952.1,marine
GQ382951.1,marine
GQ382950.1,marine
GQ382949.1,marine
GQ382948.1,marine
GQ382947.1,marine
GQ382946.1,marine
GQ382945.1,marine
GQ382944.1,marine
GQ382943.1,marine
GQ382942.1,marine
GQ382941.1,marine
GQ382940.1,marine
GQ382939.1,marine
GQ382938.1,marine
GQ382937.1,marine
GQ382936.1,marine
GQ382935.1,marine
GQ382934.1,marine
GQ382933.1,marine
GQ382932.1,marine
GQ382931.1,marine
GQ382930.1,marine
GQ382929.1,marine
GQ382928.1,marine
GQ382927.1,marine
GQ382926.1,marine
GQ382925.1,marine
GQ382924.1,marine
GQ382923.1,marine
GQ382922.1,marine
GQ382921.1,marine
GQ382920.1,marine
GQ382919.1,marine
GQ382918.1,marine
GQ382917.1,marine
GQ382916.1,marine
GQ382915.1,marine
GQ382914.1,marine
GQ382913.1,marine
GQ382912.1,marine
GQ382911.1,marine
GQ382910.1,marine
GQ382909.1,marine
GQ382908.1,marine
GQ382907.1,marine
GQ382906.1,marine
GQ382905.1,marine
GQ382904.1,marine
GQ382903.1,marine
GQ382902.1,marine
GQ382901.1,marine
GQ382900.1,marine
GQ382899.1,marine
GQ382898.1,marine
GQ382897.1,marine
GQ382896.1,marine
GQ382895.1,marine
GQ382894.1,marine
GQ382893.1,marine
GQ382892.1,marine
GQ382891.1,marine
GQ382890.1,marine
GQ382889.1,marine
GQ382888.1,marine
GQ382887.1,marine
GQ382886.1,marine
GQ382885.1,marine
GQ382884.1,marine
GQ382883.1,marine
GQ382882.1,marine
GQ382881.1,marine
GQ382880.1,marine
GQ382879.1,marine
GQ382878.1,marine
GQ382877.1,marine
GQ382876.1,marine
GQ382875.1,marine
GQ382874.1,marine
GQ382873.1,marine
GQ382872.1,marine
GQ382871.1,marine
GQ382870.1,marine
GQ382869.1,marine
GQ382868.1,marine
GQ382867.1,marine
GQ382866.1,marine
GQ382865.1,marine
GQ382864.1,marine
GQ382863.1,marine
GQ382862.1,marine
GQ382861.1,marine
GQ382860.1,marine
GQ382859.1,marine
GQ382858.1,marine
GQ382857.1,marine
GQ382856.1,marine
GQ382855.1,marine
GQ382854.1,marine
GQ382853.1,marine
GQ382852.1,marine
GQ382851.1,marine
GQ382850.1,marine
GQ382849.1,marine
GQ382848.1,marine
GQ382847.1,marine
GQ382846.1,marine
GQ382845.1,marine
GQ382844.1,marine
GQ382843.1,marine
GQ382842.1,marine
GQ382841.1,marine
GQ382840.1,marine
GQ382839.1,marine
GQ382838.1,marine
GQ382837.1,marine
GQ382836.1,marine
GQ382835.1,marine
GQ382834.1,marine
GQ382833.1,marine
GQ382832.1,marine
GQ382831.1,marine
GQ382830.1,marine
GQ382829.1,marine
GQ382828.1,marine
GQ382827.1,marine
GQ382826.1,marine
GQ382825.1,marine
GQ382824.1,marine
GQ382823.1,marine
GQ382822.1,marine
GQ382821.1,marine
GQ382820.1,marine
GQ382819.1,marine
GQ382818.1,marine
GQ382817.1,marine
GQ382816.1,marine
GQ382815.1,marine
GQ382814.1,marine
GQ382813.1,marine
GQ382812.1,marine
GQ382811.1,marine
GQ382810.1,marine
GQ382809.1,marine
GQ382808.1,marine
GQ382807.1,marine
GQ382806.1,marine
GQ382805.1,marine
GQ382804.1,marine
GQ382803.1,marine
GQ382802.1,marine
GQ382801.1,marine
GQ382800.1,marine
GQ382799.1,marine
GQ382798.1,marine
GQ382797.1,marine
GQ382796.1,marine
GQ382795.1,marine
GQ382794.1,marine
GQ382793.1,marine
GQ382792.1,marine
GQ382791.1,marine
GQ382790.1,marine
GQ382789.1,marine
GQ382788.1,marine
GQ382787.1,marine
GQ382786.1,marine
GQ382785.1,marine
GQ382784.1,marine
GQ382783.1,marine
GQ382782.1,marine
GQ382781.1,marine
GQ382780.1,marine
GQ382779.1,marine
GQ382778.1,marine
GQ382777.1,marine
GQ382776.1,marine
GQ382775.1,marine
GQ382774.1,marine
GQ382773.1,marine
GQ382772.1,marine
GQ382771.1,marine
GQ382770.1,marine
GQ382769.1,marine
GQ382768.1,marine
GQ382767.1,marine
GQ382766.1,marine
GQ382765.1,marine
GQ382764.1,marine
GQ382763.1,marine
GQ382762.1,marine
GQ382761.1,marine
GQ382760.1,marine
GQ382759.1,marine
GQ382758.1,marine
GQ382757.1,marine
GQ382756.1,marine
GQ382755.1,marine
GQ382754.1,marine
GQ382753.1,marine
GQ382752.1,marine
GQ382751.1,marine
GQ382750.1,marine
GQ382749.1,marine
GQ382748.1,marine
GQ382747.1,marine
GQ382746.1,marine
GQ382745.1,marine
GQ382744.1,marine
GQ382743.1,marine
GQ382742.1,marine
GQ382741.1,marine
GQ382740.1,marine
GQ382739.1,marine
GQ382738.1,marine
GQ382737.1,marine
GQ382736.1,marine
GQ382735.1,marine
GQ382734.1,marine
GQ382733.1,marine
GQ382732.1,marine
GQ382731.1,marine
GQ382730.1,marine
GQ382729.1,marine
GQ382728.1,marine
GQ382727.1,marine
GQ382726.1,marine
GQ382725.1,marine
GQ382724.1,marine
GQ382723.1,marine
GQ382722.1,marine
GQ382721.1,marine
GQ382720.1,marine
GQ382719.1,marine
GQ382718.1,marine
GQ382717.1,marine
GQ382716.1,marine
GQ382715.1,marine
GQ382714.1,marine
GQ382713.1,marine
GQ382712.1,marine
GQ382711.1,marine
GQ382710.1,marine
GQ382709.1,marine
GQ382708.1,marine
GQ382707.1,marine
GQ382706.1,marine
GQ382705.1,marine
GQ382704.1,marine
GQ382703.1,marine
GQ382702.1,marine
GQ382701.1,marine
GQ382700.1,marine
GQ382699.1,marine
GQ382698.1,marine
GQ382697.1,marine
GQ382696.1,marine
GQ382695.1,marine
GQ382694.1,marine
GQ382693.1,marine
GQ382692.1,marine
GQ382691.1,marine
GQ382690.1,marine
GQ382689.1,marine
GQ382688.1,marine
GQ382687.1,marine
GQ382686.1,marine
GQ382685.1,marine
GQ382684.1,marine
GQ382683.1,marine
GQ382682.1,marine
GQ382681.1,marine
GQ382680.1,marine
GQ382679.1,marine
GQ382678.1,marine
GQ382677.1,marine
GQ382676.1,marine
GQ382675.1,marine
GQ382674.1,marine
GQ382673.1,marine
GQ382672.1,marine
GQ382671.1,marine
GQ382670.1,marine
GQ382669.1,marine
GQ382668.1,marine
GQ382667.1,marine
GQ382666.1,marine
GQ382665.1,marine
GQ382664.1,marine
GQ382663.1,marine
GQ382662.1,marine
GQ382661.1,marine
GQ382660.1,marine
GQ382659.1,marine
GQ382658.1,marine
GQ382657.1,marine
GQ382656.1,marine
GQ382655.1,marine
GQ382654.1,marine
GQ382653.1,marine
GQ382652.1,marine
GQ382651.1,marine
GQ382650.1,marine
GQ382649.1,marine
GQ382648.1,marine
GQ382647.1,marine
GQ382646.1,marine
GQ382645.1,marine
GQ382644.1,marine
GQ382643.1,marine
GQ382642.1,marine
GQ382641.1,marine
GQ382640.1,marine
GQ382639.1,marine
GQ382638.1,marine
GQ382637.1,marine
GQ382636.1,marine
GQ382635.1,marine
GQ382634.1,marine
GQ382633.1,marine
GQ382632.1,marine
GQ382631.1,marine
GQ382630.1,marine
GQ382629.1,marine
GQ382628.1,marine
GQ382627.1,marine
GQ382626.1,marine
GQ382625.1,marine
GQ382624.1,marine
GQ382623.1,marine
GQ382622.1,marine
GQ382621.1,marine
GQ382620.1,marine
GQ382619.1,marine
GQ382618.1,marine
GQ382617.1,marine
GQ382616.1,marine
GQ382615.1,marine
GQ382614.1,marine
GQ382613.1,marine
GQ382612.1,marine
GQ382611.1,marine
GQ382610.1,marine
GQ382609.1,marine
GQ382608.1,marine
GQ382607.1,marine
GQ382606.1,marine
GQ382605.1,marine
GQ382604.1,marine
GQ382603.1,marine
GQ382602.1,marine
GQ382601.1,marine
GQ382600.1,marine
GQ382599.1,marine
GQ382598.1,marine
GQ382597.1,marine
GQ382596.1,marine
GQ382595.1,marine
GQ382594.1,marine
GQ382593.1,marine
GQ382592.1,marine
GQ382591.1,marine
GQ382590.1,marine
GQ382589.1,marine
GQ382588.1,marine
GQ382587.1,marine
GQ382586.1,marine
GQ382585.1,marine
GQ382584.1,marine
GQ382583.1,marine
GQ382582.1,marine
GQ382581.1,marine
GQ382580.1,marine
GQ382579.1,marine
GQ382578.1,marine
GQ382577.1,marine
GQ382576.1,marine
GQ382575.1,marine
GQ382574.1,marine
GQ382573.1,marine
GQ382572.1,marine
GQ382571.1,marine
GQ382570.1,marine
GQ382569.1,marine
GQ382568.1,marine
GQ382567.1,marine
GQ382566.1,marine
GQ382565.1,marine
GQ382564.1,marine
GQ382563.1,marine
GQ382562.1,marine
GQ382561.1,marine
GQ382560.1,marine
GQ382559.1,marine
GQ382558.1,marine
GQ382557.1,marine
GQ382556.1,marine
GQ382555.1,marine
GQ382554.1,marine
GQ382553.1,marine
GQ382552.1,marine
GQ382551.1,marine
GQ382550.1,marine
GQ382549.1,marine
GQ382548.1,marine
GQ382547.1,marine
GQ382546.1,marine
GQ382545.1,marine
GQ382544.1,marine
GQ382543.1,marine
GQ382542.1,marine
GQ382541.1,marine
GQ382540.1,marine
GQ382539.1,marine
GQ382538.1,marine
GQ382537.1,marine
GQ382536.1,marine
GQ382535.1,marine
GQ382534.1,marine
GQ382533.1,marine
GQ382532.1,marine
GQ382531.1,marine
GQ382530.1,marine
GQ382529.1,marine
GQ382528.1,marine
GQ382527.1,marine
GQ382526.1,marine
GQ382525.1,marine
GQ382524.1,marine
GQ382523.1,marine
GQ382522.1,marine
GQ382521.1,marine
GQ382520.1,marine
GQ382519.1,marine
GQ382518.1,marine
GQ382517.1,marine
GQ382516.1,marine
GQ382515.1,marine
GQ382514.1,marine
GQ382513.1,marine
GQ382512.1,marine
GQ382511.1,marine
GQ382510.1,marine
GQ382509.1,marine
GQ382508.1,marine
GQ382507.1,marine
GQ382506.1,marine
GQ382505.1,marine
GQ382504.1,marine
GQ382503.1,marine
GQ382502.1,marine
GQ382501.1,marine
GQ382500.1,marine
GQ382499.1,marine
GQ382498.1,marine
GQ382497.1,marine
GQ382496.1,marine
GQ382495.1,marine
GQ382494.1,marine
GQ382493.1,marine
GQ382492.1,marine
GQ382491.1,marine
GQ382490.1,marine
GQ382489.1,marine
GQ382488.1,marine
GQ382487.1,marine
GQ382486.1,marine
GQ382485.1,marine
GQ382484.1,marine
GQ382483.1,marine
GQ382482.1,marine
GQ382481.1,marine
GQ382480.1,marine
GQ382479.1,marine
GQ382478.1,marine
GQ382477.1,marine
GQ382476.1,marine
GQ382475.1,marine
GQ382474.1,marine
GQ382473.1,marine
GQ382472.1,marine
GQ382471.1,marine
GQ382470.1,marine
GQ382469.1,marine
GQ382468.1,marine
GQ382467.1,marine
GQ382466.1,marine
GQ382465.1,marine
GQ382464.1,marine
GQ382463.1,marine
GQ382462.1,marine
GQ382461.1,marine
GQ382460.1,marine
GQ382459.1,marine
GQ382458.1,marine
GQ382457.1,marine
GQ382456.1,marine
GQ382455.1,marine
GQ382454.1,marine
GQ382453.1,marine
GQ382452.1,marine
GQ382451.1,marine
GQ382450.1,marine
GQ382449.1,marine
GQ382448.1,marine
GQ382447.1,marine
GQ382446.1,marine
GQ382445.1,marine
GQ382444.1,marine
GQ382443.1,marine
GQ382442.1,marine
GQ382441.1,marine
GQ382440.1,marine
GQ382439.1,marine
GQ382438.1,marine
GQ382437.1,marine
GQ382436.1,marine
GQ382435.1,marine
GQ382434.1,marine
GQ382433.1,marine
GQ382432.1,marine
GQ382431.1,marine
GQ382430.1,marine
GQ382429.1,marine
GQ382428.1,marine
GQ382427.1,marine
GQ382426.1,marine
GQ382425.1,marine
GQ382424.1,marine
GQ382423.1,marine
GQ382422.1,marine
GQ382421.1,marine
GQ382420.1,marine
GQ382419.1,marine
GQ382418.1,marine
GQ382417.1,marine
GQ382416.1,marine
GQ382415.1,marine
GQ382414.1,marine
GQ382413.1,marine
GQ382412.1,marine
GQ382411.1,marine
GQ382410.1,marine
GQ382409.1,marine
GQ382408.1,marine
GQ382407.1,marine
GQ382406.1,marine
GQ382405.1,marine
GQ382404.1,marine
GQ382403.1,marine
GQ382402.1,marine
GQ382401.1,marine
GQ382400.1,marine
GQ382399.1,marine
GQ382398.1,marine
GQ382397.1,marine
GQ382396.1,marine
GQ382395.1,marine
GQ382394.1,marine
GQ382393.1,marine
GQ382392.1,marine
GQ382391.1,marine
GQ382390.1,marine
GQ382389.1,marine
GQ382388.1,marine
GQ382387.1,marine
GQ382386.1,marine
GQ382385.1,marine
GQ382384.1,marine
GQ382383.1,marine
GQ382382.1,marine
GQ382381.1,marine
GQ382380.1,marine
GQ382379.1,marine
GQ382378.1,marine
GQ382377.1,marine
GQ382376.1,marine
GQ382375.1,marine
GQ382374.1,marine
GQ382373.1,marine
GQ382372.1,marine
GQ382371.1,marine
GQ382370.1,marine
GQ382369.1,marine
GQ382368.1,marine
GQ382367.1,marine
GQ382366.1,marine
GQ382365.1,marine
GQ382364.1,marine
GQ382363.1,marine
GQ382362.1,marine
GQ382361.1,marine
GQ382360.1,marine
GQ382359.1,marine
GQ382358.1,marine
GQ382357.1,marine
GQ382356.1,marine
GQ382355.1,marine
GQ382354.1,marine
GQ382353.1,marine
GQ382352.1,marine
GQ382351.1,marine
GQ382350.1,marine
GQ382349.1,marine
GQ382348.1,marine
GQ382347.1,marine
GQ382346.1,marine
GQ382345.1,marine
GQ382344.1,marine
GQ382343.1,marine
GQ382342.1,marine
GQ382341.1,marine
GQ382340.1,marine
GQ382339.1,marine
GQ382338.1,marine
GQ382337.1,marine
GQ382336.1,marine
GQ382335.1,marine
GQ382334.1,marine
GQ382333.1,marine
GQ382332.1,marine
GQ382331.1,marine
GQ382330.1,marine
GQ382329.1,marine
GQ382328.1,marine
GQ382327.1,marine
GQ382326.1,marine
GQ382325.1,marine
GQ382324.1,marine
GQ382323.1,marine
GQ382322.1,marine
GQ382321.1,marine
GQ382320.1,marine
GQ382319.1,marine
GQ382318.1,marine
GQ382317.1,marine
GQ382316.1,marine
GQ382315.1,marine
GQ382314.1,marine
GQ382313.1,marine
GQ382312.1,marine
GQ382311.1,marine
GQ382310.1,marine
GQ382309.1,marine
GQ382308.1,marine
GQ382307.1,marine
GQ382306.1,marine
GQ382305.1,marine
GQ382304.1,marine
GQ382303.1,marine
GQ382302.1,marine
GQ382301.1,marine
GQ382300.1,marine
GQ382299.1,marine
GQ382298.1,marine
GQ382297.1,marine
GQ382296.1,marine
GQ382295.1,marine
GQ382294.1,marine
GQ382293.1,marine
GQ382292.1,marine
GQ382291.1,marine
GQ382290.1,marine
GQ382289.1,marine
GQ382288.1,marine
GQ382287.1,marine
GQ382286.1,marine
GQ382285.1,marine
GQ382284.1,marine
GQ382283.1,marine
GQ382282.1,marine
GQ382281.1,marine
GQ382280.1,marine
GQ382279.1,marine
GQ382278.1,marine
GQ382277.1,marine
LN850757.1,Microascus
HF952605.1,Rhodomonas
HF952604.1,Rhodomonas
HF952603.1,Rhodomonas
HF952601.1,Rhodomonas
HF952600.1,Rhodomonas
HF952599.1,Rhodomonas
HF952598.1,Rhodomonas
HF952597.1,Rhodomonas
HF952596.1,Rhodomonas
HF952595.1,Rhodomonas
HF952594.1,Rhodomonas
HF952593.1,Rhodomonas
HF952592.1,Rhodomonas
HF952591.1,Rhodomonas
HF952590.1,Rhodomonas
HF952589.1,Rhodomonas
HF952588.1,Rhodomonas
HF952587.1,Rhodomonas
HF952586.1,Rhodomonas
HF952585.1,Rhodomonas
HF952584.1,Rhodomonas
HF952583.1,Rhodomonas
HF952582.1,Rhodomonas
HF952581.1,Rhodomonas
HF952580.1,Rhodomonas
HF952579.1,Rhodomonas
HF952578.1,Rhodomonas
HF952576.1,Rhodomonas
HF952575.1,Rhodomonas
HF952574.1,Rhodomonas
HF952573.1,Rhodomonas
HF952572.1,Rhodomonas
HF952571.1,Rhodomonas
HF952570.1,Rhodomonas
HF952569.1,Rhodomonas
HF952568.1,Rhodomonas
HF952567.1,Rhodomonas
HF952566.1,Rhodomonas
HF952565.1,Storeatula
HF952564.1,Storeatula
HF952563.1,Rhinomonas
HF952562.1,Rhinomonas
HF952561.1,Rhinomonas
HF952560.1,Rhinomonas
HF952559.1,Rhinomonas
HF952558.1,Rhinomonas
HF952557.1,Rhinomonas
HF952556.1,Rhinomonas
HF952555.1,Rhinomonas
NC_092579.1,Apostichopus
NT_166539.1,Aspergillus
AM270983.1,Aspergillus
CBFDIK010000020.1,soil
KF901273.1,marine
KF901270.1,marine
KF901211.1,marine
KF901210.1,marine
KF901209.1,marine
KF901208.1,marine
KF901284.1,marine
KF901223.1,marine
KF901189.1,marine
KF901295.1,marine
KF901293.1,marine
KF901285.1,marine
KF901283.1,marine
KF901276.1,marine
KF901271.1,marine
KF901241.1,marine
KF901218.1,marine
KF901215.1,marine
KF901194.1,marine
KF901191.1,marine
KF901297.1,marine
KF901234.1,marine
KF901233.1,marine
KF901220.1,marine
KF901212.1,marine
KF901201.1,marine
KF900541.1,marine
KF901277.1,marine
KF901263.1,marine
KF901259.1,marine
KF901254.1,marine
KF901251.1,marine
KF901248.1,marine
KF901238.1,marine
KF901229.1,marine
KF901226.1,marine
KF901222.1,marine
KF901216.1,marine
KF901214.1,marine
KF901200.1,marine
KF901190.1,marine
KF901188.1,marine
KF646464.1,Alexandrium
KF646463.1,Alexandrium
KF646458.1,Alexandrium
NC_092628.1,Amphiura
KF901267.1,marine
KF901256.1,marine
KF901244.1,marine
KF901242.1,marine
KF901239.1,marine
KF901206.1,marine
KF901202.1,marine
KF901296.1,marine
KF901294.1,marine
KF901292.1,marine
KF901291.1,marine
KF901290.1,marine
KF901289.1,marine
KF901288.1,marine
KF901287.1,marine
KF901286.1,marine
KF901282.1,marine
KF901281.1,marine
KF901280.1,marine
KF901279.1,marine
KF901278.1,marine
KF901275.1,marine
KF901274.1,marine
KF901272.1,marine
KF901269.1,marine
KF901268.1,marine
KF901266.1,marine
KF901265.1,marine
KF901264.1,marine
KF901262.1,marine
KF901261.1,marine
KF901260.1,marine
KF901258.1,marine
KF901257.1,marine
KF901255.1,marine
KF901253.1,marine
KF901252.1,marine
KF901250.1,marine
KF901249.1,marine
KF901247.1,marine
KF901246.1,marine
KF901245.1,marine
KF901243.1,marine
KF901240.1,marine
KF901237.1,marine
KF901236.1,marine
KF901235.1,marine
KF901232.1,marine
KF901231.1,marine
KF901230.1,marine
KF901228.1,marine
KF901227.1,marine
KF901225.1,marine
KF901224.1,marine
KF901221.1,marine
KF901219.1,marine
KF901217.1,marine
KF901213.1,marine
KF901207.1,marine
KF901205.1,marine
KF901204.1,marine
KF901203.1,marine
KF901199.1,marine
KF901198.1,marine
KF901197.1,marine
KF901196.1,marine
KF901195.1,marine
KF901193.1,marine
KF901192.1,marine
KF900463.1,marine
CBFDRV010000049.1,soil
LC325858.1,Pm-D2
LC325857.1,Pm-D1
LC325856.1,Pm-C2
LC325855.1,Pm-C1
LC325854.1,Pm-B4
LC325853.1,Pm-B3
LC325852.1,Pm-B2
LC325851.1,Pm-B1
AY303357.1,diatom
JAGRRH010000007.1,Nitzschia
MH234250.1,dinoflagellate
MH234249.1,dinoflagellate
MH234248.1,dinoflagellate
MH234247.1,dinoflagellate
MH234246.1,dinoflagellate
MH234245.1,dinoflagellate
MH234244.1,dinoflagellate
MH234243.1,dinoflagellate
MH234242.1,dinoflagellate
MH234241.1,dinoflagellate
MH234240.1,dinoflagellate
MH234239.1,dinoflagellate
MH234238.1,dinoflagellate
MH234237.1,dinoflagellate
MH234236.1,dinoflagellate
MH234235.1,dinoflagellate
MH234234.1,dinoflagellate
MH234233.1,dinoflagellate
MH234232.1,dinoflagellate
MH234231.1,dinoflagellate
MH234230.1,dinoflagellate
MH234229.1,dinoflagellate
MH234228.1,dinoflagellate
MH234227.1,dinoflagellate
MH234226.1,dinoflagellate
MH234225.1,dinoflagellate
MH234224.1,dinoflagellate
MH234223.1,dinoflagellate
KX259327.1,Paramyxa
KX259326.1,Paramyxa
KX259325.1,Paramyxa
KX259323.1,Paramyxa
KX259322.1,Paramyxida
KX259321.1,Paramyxida
KX259320.1,Paramarteilia
KX259319.1,Marteilia
KX259318.1,Marteilia
DQ924559.1,Perna
DQ924558.1,Aulacomya
DQ924557.1,Aulacomya
DQ924556.1,Perna
DQ924555.1,Perna
DQ924554.1,Perna
DQ924553.1,Perna
DQ924552.1,Perna
DQ924551.1,Perna
DQ924550.1,Perna
DQ924549.1,Perna
DQ924548.1,Perna
DQ924547.1,Perna
DQ924546.1,Perna
DQ924545.1,Perna
DQ924544.1,Perna
DQ924543.1,Perna
DQ924542.1,Perna
DQ924541.1,Perna
DQ924540.1,Perna
DQ924539.1,Perna
DQ924538.1,Perna
AY753984.1,L16.10
AY753983.1,L16.17
AY753982.1,L16.16
AY753981.1,L8.8
AY753980.1,L15.4
AY753979.1,L11.5
AY753978.1,L6.7
AY753977.1,L6.5
AY753976.1,L8.1
AY753975.1,L5.9
AY753974.1,L13.5
AY753973.1,L13.2
AY753972.1,L5.7
AY753971.1,L5.5
AY753970.1,L8.2
AY753969.1,L10.6
AY753968.1,L10.2
AY753967.1,L9.6
AY753966.1,L14.7
AY753965.1,L13.1
AY753964.1,L13.8
AY753963.1,L13.10
AY753962.1,L11.7
AY753961.1,L11.8
AY753960.1,L11.6
AY753959.1,L15.10
AY753958.1,L5.6
AY753957.1,L6.8
AY753956.1,L10.10
AY753955.1,L3.2
AY753954.1,L8.5
AY753953.1,L12.9
AY753952.1,L12.7
AY753951.1,L8.10
AY753950.1,L1.6
AY753949.1,L12.4
AY753948.1,L4.9
AY753947.1,L8.9
AY753946.1,L7.7
AY749598.1,M3.2
AY749597.1,M2.1
AY749596.1,M1.2
AY749595.1,FW22.4
AY749594.1,FW22.3
AY749593.1,FW22.2
AY749592.1,FW21.4
AY749591.1,FW21.2
AY749590.1,FW21.1
AY749589.1,FW20.5
AY749588.1,FW18.5
AY749587.1,FW18.1
AY749586.1,FW17.4
AY749585.1,FW17.2
AY749584.1,FW16.4
AY749583.1,FW16.3
AY749582.1,FW16.2
AY749581.1,FW16.1
AY749580.1,FW15.5
AY749579.1,FW13.2
AY749578.1,FW12.5
AY749577.1,FW12.3
AY749576.1,FW12.1
AY749575.1,FW11.5
AY749574.1,FW11.2
AY749573.1,FW11.1
AY749572.1,FW10.4
AY749571.1,FW10.1
AY749570.1,FW9.3
AY749569.1,FW9.2
AY749568.1,FW9.1
AY749567.1,FW8.7
AY749566.1,FW8.3
AY749565.1,FW7.4
AY749564.1,FW7.3
AY749563.1,FW7.1
AY749562.1,FW6.8
AY749561.1,FW6.6
AY749560.1,FW6.4
AY749559.1,FW5.1
AY749558.1,FW4.3
AY749557.1,FW4.1
AY749556.1,FW3.4
AY749555.1,FW3.3
AY749554.1,FW3.2
AY749553.1,FW3.1
AY749552.1,FW2.3
AY749551.1,FW1.3
AY116241.1,ANT12-28
AY116240.1,NA11-8
AY116239.1,NA11-10
AY116238.1,ANT37-29
AY116237.1,ANT12-29
AY116236.1,ANT37-18
AY116235.1,ANT12-27
AY116234.1,ANT12-25
AY116233.1,ANT12-23
AY116232.1,ANT12-21
AY116231.1,ANT12-20
AY116230.1,ANT12-19
AY116229.1,ANT37-17
AY116228.1,ANT12-18
AY116227.1,ANT12-17
AY116226.1,ANT12-16
AY116225.1,ANT12-15
AY116224.1,ME1-30
AY116223.1,ME1-29
AY116222.1,ANT12-22
AY116221.1,ME1-28
AY116220.1,ANT12-26
AY116219.1,NA11-9
KT390149.1,Mortierella
KT390148.1,Aspergillus
KT390147.1,Desmochloris
KT390146.1,Ostreococcus
KT390145.1,Chloropicon
KT390144.1,Mantoniella
KT390143.1,Ostreococcus
KT390142.1,Mantoniella
KT390141.1,Mantoniella
KT390140.1,Phaeocystis
KT390139.1,Mantoniella
KT390138.1,Chloropicon
KT390137.1,Chloropicon
KT390136.1,Tyromyces
KT390135.1,Chloropicon
KT390134.1,Chloropicon
KT390133.1,Chloropicon
KT390132.1,Aspergillus
KT390131.1,Chloropicon
KT390130.1,Chroomonas
KT390129.1,Chloropicon
KT390128.1,Chloropicon
KT390127.1,Chloropicon
KT390126.1,Chloropicon
KT390125.1,Chloropicon
KT390124.1,Chloropicon
KT390123.1,Chloropicon
KT390122.1,Chloropicon
KT390121.1,Chloropicon
KT390120.1,Chloropicon
KT390119.1,Chloropicon
KT390118.1,Aspergillus
KT390117.1,Chloropicon
KT390116.1,Chloropicon
KT390115.1,Ostreococcus
KT390114.1,Chloropicon
KT390113.1,Chloropicon
KT390112.1,Chloropicon
KT390111.1,Chloropicon
KT390110.1,Chloropicon
KT390109.1,Chloropicon
KT390108.1,Chloropicon
KT390107.1,Chloropicon
KT390106.1,Chloropicon
KT390105.1,Chloropicon
KT390104.1,Cymbomonas
KT390103.1,Pauliella
KT390102.1,Skeletonema
KT390101.1,Chloropicon
KT390100.1,Leyanella
KT390099.1,Gymnodinium
KT390097.1,Cyclotella
KT390096.1,Oxytricha
KT390095.1,Pauliella
KT390094.1,Euduboscquella
KT390093.1,Gyrodinium
KT390091.1,Thalassiosira
KT390090.1,Thalassiosira
KT390089.1,Diplopsalis
KT390088.1,Nitzschia
KT390087.1,Leyanella
KT390086.1,Ostreococcus
KT390085.1,Micromonas
KT390084.1,Micromonas
KT390082.1,Chrysochromulina
KT390081.1,stramenopile
KT390080.1,Chloropicon
KT390079.1,Chloropicon
KT390078.1,Micromonas
KT390077.1,Ostreococcus
KT390076.1,Halteria
KT390074.1,Ostreococcus
KT390073.1,Micromonas
KT390071.1,Pelagococcus
KT390070.1,Aureococcus
KT390069.1,Micromonas
KT390068.1,Ostreococcus
KT390066.1,Micromonas
KT390065.1,Ostreococcus
KT390064.1,Ostreococcus
KT390061.1,Pelagococcus
KT390060.1,Ostreococcus
KT390059.1,Hyphochytrium
KT390058.1,Pelagococcus
KT390057.1,Euduboscquella
KT390056.1,Ostreococcus
KT390055.1,Stylonychia
KT390054.1,Chroomonas
KT390053.1,Phaeocystis
KT390052.1,Bathycoccus
KT390050.1,Pelagococcus
KT390049.1,Micromonas
KT390048.1,Micromonas
KT390047.1,Sticholonche
KT390046.1,Amoebophrya
KT390045.1,Micromonas
KT390044.1,Ostreococcus
KT390043.1,Cladococcus
KT390042.1,Mantoniella
KT390041.1,Ostreococcus
KT390040.1,Cladococcus
KT390039.1,Halteria
KT390038.1,Micromonas
KT390037.1,Aureococcus
KT390036.1,Ostreococcus
KT390034.1,Uroleptus
KT390033.1,Pythium
KT390032.1,Levanderina
KT390031.1,Levanderina
KT390030.1,Levanderina
KT390028.1,Blastodinium
KT390027.1,Amoebophrya
KT390026.1,Euduboscquella
KT390025.1,Euduboscquella
KT390024.1,Uroleptus
KT390023.1,Phaeocystis
KT390022.1,Phaeocystis
KT390021.1,Alaria
KT390020.1,Blastodinium
KT390019.1,Margalefidinium
KT390018.1,Prorocentrum
KT390017.1,Gymnodinium
KT390015.1,Gymnodinium
KT390014.1,Euduboscquella
KT390010.1,Euduboscquella
KT390006.1,Euduboscquella
KT390005.1,Euduboscquella
KT390002.1,Levanderina
KT390001.1,Gyrodinium
KT390000.1,Laackmanniella
KT389999.1,Scrippsiella
KT389998.1,Gyrodiniellum
KT389997.1,Gyrodiniellum
KT389996.1,Karlodinium
KT389995.1,Azadinium
KT389994.1,Karlodinium
KT389993.1,Tripos
KT389992.1,Oxytricha
KT389991.1,Halteria
KT389990.1,Halteria
KT389989.1,Kryptoperidinium
KT389988.1,Amoebophrya
KT389987.1,Prorocentrum
KT389986.1,Chrysolepidomonas
KT389985.1,Stylonychia
KT389984.1,Halteria
KT389983.1,Actinomma
KT389982.1,Halteria
KT389981.1,Kryptoperidinium
KT389980.1,Halteria
KT389979.1,Paruroleptus
KT389978.1,Chrysochromulina
KT389977.1,Oxytricha
KT389976.1,Amoebophrya
KT389975.1,Amoebophrya
KT389974.1,Chrysochromulina
KT389973.1,Amphorellopsis
KT389972.1,Sticholonche
KT389971.1,Cymatocylis
KT389970.1,Karlodinium
KT389969.1,Kryptoperidinium
KT389968.1,Dictyocoryne
KT389967.1,Gymnodinium
KT389966.1,Ensiculifera
KT389965.1,Kryptoperidinium
KT389964.1,Stylonychia
KT389963.1,Stylonychia
KT389962.1,Gymnodinium
KT389961.1,Ensiculifera
KT389959.1,Ensiculifera
KT389958.1,Karlodinium
KT389956.1,Scrippsiella
KT389954.1,Pythium
KT389953.1,Gyrodinium
KT389952.1,Lebouridinium
KT389951.1,Amphorellopsis
KT389950.1,Amphorellopsis
KT389949.1,Pythium
KT389948.1,Pythium
KT389947.1,Gyrodinium
KT389946.1,Scrippsiella
KT389945.1,Pythium
KT389943.1,Scrippsiella
KT389942.1,Gymnodinium
KT389941.1,Levanderina
KT389940.1,Thalassiosira
KT389939.1,Amphorellopsis
KT389938.1,Euduboscquella
KT389937.1,Amphorellopsis
KT389936.1,Scrippsiella
KT389935.1,Levanderina
KT389934.1,Euduboscquella
KT389933.1,Euduboscquella
KT389932.1,Pythium
KT389929.1,Euduboscquella
KT389926.1,Euduboscquella
KT389925.1,Euduboscquella
KT389921.1,Euduboscquella
KT389920.1,Euduboscquella
KT389918.1,Dictyocoryne
KT389913.1,Amoebophrya
KT389910.1,Amphorellopsis
KT389909.1,Euduboscquella
KT389907.1,Pelagodinium
KT389906.1,Phaeocystis
KT389905.1,Scrippsiella
KT389904.1,Gyrodinium
KT389903.1,Gyrodiniellum
KT389902.1,Chrysochromulina
KT389900.1,Azadinium
KT389899.1,Euduboscquella
KT389898.1,Karlodinium
KT389897.1,Scrippsiella
KT389896.1,Gymnodinium
KT389895.1,Polykrikos
KT389894.1,Scrippsiella
KT389893.1,Laackmanniella
KT389892.1,Histioneis
KT389891.1,Cymatocylis
KT389890.1,Phaeocystis
KT389889.1,Pseudo-nitzschia
KT389888.1,Lepidodinium
KT389887.1,Nannochloropsis
KT389886.1,Norrisiella
KT389885.1,Azadinium
KT389884.1,Phaeocystis
KT389883.1,Amoebophrya
KT389882.1,Ostreococcus
KT389881.1,Prymnesium
KT389880.1,Karlodinium
KT389879.1,Stylonychia
KT389878.1,Actinomma
KT389877.1,Amoebophrya
KT389876.1,Gymnodinium
KT389875.1,Prymnesium
KT389874.1,Cosmocalanus
KT389873.1,Phaeocystis
KT389870.1,Prymnesium
KT389868.1,Picomonas
KT389867.1,Cosmocalanus
KT389866.1,Kryptoperidinium
KT389865.1,Dictyocoryne
KT389864.1,Prymnesium
KT389863.1,Ostreococcus
KT389862.1,Pseudokeronopsis
KT389861.1,Halteria
KT389860.1,Cymatocylis
KT389859.1,Temora
KT389858.1,Cosmocalanus
KT389857.1,Kryptoperidinium
KT389856.1,Dictyocoryne
KT389855.1,Chrysolepidomonas
KT389854.1,Amoebophrya
KR905936.1,fungus
KR905935.1,fungus
KP890646.1,Fungal
KP890645.1,Fungal
KP890644.1,Fungal
KP890643.1,Fungal
KP890642.1,Fungal
KP890641.1,Fungal
KP890640.1,Fungal
KP890639.1,Fungal
KP890638.1,Fungal
KP890637.1,Fungal
KP890636.1,Fungal
KP890635.1,Fungal
KP890634.1,Fungal
KP890633.1,Fungal
KP890632.1,Fungal
KP890631.1,Fungal
KP890630.1,Fungal
KP890629.1,Fungal
KP890628.1,Fungal
KP890627.1,Fungal
KP890626.1,Fungal
KP890625.1,Fungal
KP890624.1,Fungal
KP890623.1,Fungal
KP890622.1,Fungal
KP890621.1,Fungal
KP890620.1,Fungal
KP890619.1,Fungal
KP890618.1,Fungal
KP890617.1,Fungal
KP890616.1,Fungal
KP890615.1,Fungal
KP890614.1,Fungal
KP890613.1,Fungal
KP890612.1,Fungal
KP890611.1,Fungal
KP890610.1,Fungal
KP890609.1,Fungal
KP890608.1,Fungal
KP890607.1,Fungal
KP890606.1,Fungal
KP890605.1,Fungal
KP890604.1,Fungal
KP890603.1,Fungal
KP890602.1,Fungal
KP890601.1,Fungal
KP890600.1,Fungal
KP890599.1,Fungal
KP890598.1,Fungal
KP890597.1,Fungal
KP890596.1,Fungal
KP890595.1,Fungal
KP890594.1,Fungal
KP890593.1,Fungal
KP890592.1,Fungal
KP890591.1,Fungal
KP890590.1,Fungal
KP890589.1,Fungal
KP890588.1,Fungal
KP890587.1,Fungal
KP890586.1,Fungal
KP890585.1,Fungal
KP890584.1,Fungal
KP890583.1,Fungal
KP890582.1,Fungal
KP890581.1,Fungal
KP890580.1,Fungal
KP890579.1,Fungal
KP890578.1,Fungal
KP890577.1,Fungal
KP890576.1,Fungal
KP890575.1,Fungal
KP890574.1,Fungal
KP890573.1,Fungal
KP890572.1,Fungal
KP890571.1,Fungal
KP890570.1,Fungal
KP890569.1,Fungal
KP890568.1,Fungal
KP890567.1,Fungal
KP890566.1,Fungal
KP890565.1,Fungal
KP890564.1,Fungal
KP890563.1,Fungal
KP890562.1,Fungal
KP890561.1,Fungal
KP890560.1,Fungal
KP890559.1,Fungal
KP890558.1,Fungal
KP890557.1,Fungal
KP890556.1,Fungal
KP890555.1,Fungal
KP890554.1,Fungal
KP890553.1,Fungal
KP890552.1,Fungal
KP890551.1,Fungal
KP890550.1,Fungal
KP890549.1,Fungal
KP890548.1,Fungal
KP890547.1,Fungal
KP890546.1,Fungal
KP890545.1,Fungal
KP890544.1,Fungal
KP890543.1,Fungal
KP890542.1,Fungal
KP890541.1,Fungal
KP890540.1,Fungal
KP890539.1,Fungal
KP890538.1,Fungal
KP890537.1,Fungal
KP890536.1,Fungal
KP890535.1,Fungal
KP890534.1,Fungal
KP890533.1,Fungal
KP890532.1,Fungal
KP890531.1,Fungal
KP890530.1,Fungal
KP890529.1,Fungal
KP890528.1,Fungal
KP890527.1,Fungal
KP890526.1,Fungal
KP890525.1,Fungal
KP890524.1,Fungal
KP890523.1,Fungal
KP890522.1,Fungal
KP890521.1,Fungal
KP890520.1,Fungal
KP890519.1,Fungal
KP890518.1,Fungal
KP890517.1,Fungal
KP890516.1,Fungal
KP890515.1,Fungal
KP890514.1,Fungal
KP890513.1,Fungal
KP890512.1,Fungal
KP890511.1,Fungal
KP890510.1,Fungal
KP890509.1,Fungal
KP890508.1,Fungal
KP890507.1,Fungal
KP890506.1,Fungal
KP890505.1,Fungal
KP890504.1,Fungal
KP890503.1,Fungal
KP890502.1,Fungal
KP890501.1,Fungal
KP890500.1,Fungal
KP890499.1,Fungal
KP890498.1,Fungal
KP890497.1,Fungal
KP890496.1,Fungal
KP890495.1,Fungal
KP890494.1,Fungal
KP890493.1,Fungal
KP890492.1,Fungal
KP890491.1,Fungal
KP890490.1,Fungal
KP890489.1,Fungal
KP890488.1,Fungal
KP890487.1,Fungal
KP890486.1,Fungal
KP890484.1,Fungal
KP890483.1,Fungal
KP890482.1,Fungal
KP890481.1,Fungal
KP890480.1,Fungal
KP890479.1,Fungal
KP890478.1,Fungal
KP890477.1,Fungal
KP890476.1,Fungal
KP890475.1,Fungal
KP890474.1,Fungal
KP890473.1,Fungal
KP890472.1,Fungal
KP890471.1,Fungal
KP890470.1,Fungal
KP890469.1,Fungal
KP890468.1,Fungal
KP890467.1,Fungal
KP890466.1,Fungal
KP890465.1,Fungal
KP890464.1,Fungal
KP890463.1,Fungal
KP890462.1,Fungal
KP890461.1,Fungal
KP890460.1,Fungal
KP890459.1,Fungal
KP890458.1,Fungal
KP890457.1,Fungal
KP890456.1,Fungal
KP890455.1,Fungal
KP890454.1,Fungal
KP890453.1,Fungal
KP890452.1,Fungal
KP890451.1,Fungal
KP890450.1,Fungal
KP890449.1,Fungal
KP890448.1,Fungal
KP890447.1,Fungal
KP890446.1,Fungal
KP890445.1,Fungal
KP890444.1,Fungal
KP890443.1,Fungal
KP890442.1,Fungal
KP890441.1,Fungal
KP890440.1,Fungal
KP890439.1,Fungal
KP890438.1,Fungal
KP890437.1,Fungal
KP890436.1,Fungal
KP890435.1,Fungal
KP890434.1,Fungal
KP890433.1,Fungal
KP890432.1,Fungal
KP890431.1,Fungal
KP890430.1,Fungal
KP890429.1,Fungal
KP890428.1,Fungal
KP890427.1,Fungal
KP890426.1,Fungal
KP890425.1,Fungal
KP890424.1,Fungal
KP890423.1,Fungal
KP890422.1,Fungal
KP890421.1,Fungal
KP890420.1,Fungal
KP890419.1,Fungal
KP890418.1,Fungal
KP890417.1,Fungal
KP890416.1,Fungal
KP890415.1,Fungal
KP890414.1,Fungal
KP890413.1,Fungal
KP890412.1,Fungal
KP890411.1,Fungal
KP890410.1,Fungal
KP890409.1,Fungal
KP890408.1,Fungal
KP890407.1,Fungal
KP890406.1,Fungal
KP890405.1,Fungal
KP890404.1,Fungal
KP890403.1,Fungal
KP890402.1,Fungal
KP890401.1,Fungal
KP890400.1,Fungal
KP890399.1,Fungal
KP890398.1,Fungal
KP890397.1,Fungal
KP890396.1,Fungal
KP890395.1,Fungal
KP890394.1,Fungal
KP890393.1,Fungal
KP890392.1,Fungal
KP890391.1,Fungal
KP890390.1,Fungal
KP890389.1,Fungal
KP890388.1,Fungal
KP890386.1,Fungal
KP890385.1,Fungal
KP890384.1,Fungal
KP890383.1,Fungal
KP890382.1,Fungal
KP890381.1,Fungal
KP890380.1,Fungal
KP890379.1,Fungal
KP890378.1,Fungal
KP890377.1,Fungal
KP890376.1,Fungal
KP890375.1,Fungal
KP890373.1,Fungal
KP890372.1,Fungal
KP890371.1,Fungal
KP890370.1,Fungal
KP890369.1,Fungal
KP890368.1,Fungal
KP890367.1,Fungal
KP890366.1,Fungal
KP890365.1,Fungal
KP890363.1,Fungal
KP890362.1,Fungal
KP890361.1,Fungal
KP890360.1,Fungal
KP890359.1,Fungal
KP890358.1,Fungal
KP890357.1,Fungal
KP099814.1,UNVERIFIED:
KP099813.1,UNVERIFIED:
KP099810.1,UNVERIFIED:
KP099780.1,UNVERIFIED:
KP099779.1,UNVERIFIED:
KP099773.1,UNVERIFIED:
KP099769.1,UNVERIFIED:
KP099768.1,UNVERIFIED:
KP099766.1,UNVERIFIED:
KP099764.1,UNVERIFIED:
KP099763.1,UNVERIFIED:
KP099757.1,UNVERIFIED:
KP099753.1,UNVERIFIED:
KP099750.1,UNVERIFIED:
KP099749.1,UNVERIFIED:
KP099744.1,UNVERIFIED:
KP099737.1,UNVERIFIED:
KP099731.1,UNVERIFIED:
KJ194408.1,fungus
KJ194407.1,fungus
KJ194406.1,fungus
KJ194405.1,fungus
KJ194404.1,fungus
KJ194403.1,fungus
KJ194402.1,fungus
KJ194401.1,fungus
KJ194400.1,fungus
KJ194399.1,fungus
KJ194398.1,fungus
KJ194397.1,fungus
KJ194396.1,fungus
KJ194395.1,fungus
KJ194394.1,fungus
KJ194393.1,fungus
KJ194392.1,fungus
KJ194391.1,fungus
KJ194390.1,fungus
KJ194389.1,fungus
KJ194388.1,fungus
KJ194387.1,fungus
KJ194386.1,fungus
KJ194385.1,fungus
KJ194384.1,fungus
KJ194383.1,fungus
KJ194382.1,fungus
KJ194381.1,fungus
KJ194380.1,fungus
KJ194379.1,fungus
KJ194378.1,fungus
KJ194377.1,fungus
KJ194376.1,fungus
KJ194375.1,fungus
KJ194374.1,fungus
KJ194373.1,fungus
KJ194372.1,fungus
KJ194371.1,fungus
KJ194370.1,fungus
KJ194369.1,fungus
KJ194368.1,fungus
KJ194367.1,fungus
KJ194366.1,fungus
KJ194365.1,fungus
KJ194364.1,fungus
KJ194363.1,fungus
KJ194362.1,fungus
KJ194361.1,fungus
KJ194360.1,fungus
KJ194359.1,fungus
KJ194358.1,fungus
KJ194357.1,fungus
KJ194356.1,fungus
KJ194355.1,fungus
KJ194354.1,fungus
KJ194353.1,fungus
KJ194352.1,fungus
KJ194351.1,fungus
KJ194350.1,fungus
KJ194349.1,fungus
KJ194348.1,fungus
KJ194347.1,fungus
KJ194346.1,fungus
KJ194345.1,fungus
KJ194344.1,fungus
KJ194343.1,fungus
KJ194342.1,fungus
KJ194341.1,fungus
KJ194340.1,fungus
KJ194339.1,fungus
KJ194338.1,fungus
KJ194337.1,fungus
KJ194336.1,fungus
KJ194335.1,fungus
KJ194334.1,fungus
KJ194333.1,fungus
KJ194332.1,fungus
KJ194331.1,fungus
KJ194330.1,fungus
KJ194329.1,fungus
KJ194328.1,fungus
KJ194327.1,fungus
KJ194326.1,fungus
KJ194325.1,fungus
KJ194324.1,fungus
JN003681.1,foraminiferan
JN003680.1,foraminiferan
JN003679.1,foraminiferan
JN003678.1,foraminiferan
JN003677.1,foraminiferan
JN003676.1,foraminiferan
JN003675.1,foraminiferan
JN003674.1,foraminiferan
JN003673.1,foraminiferan
JN003672.1,foraminiferan
JN003671.1,foraminiferan
JN003670.1,foraminiferan
JN003669.1,foraminiferan
JN003668.1,foraminiferan
JN003667.1,foraminiferan
JN003666.1,foraminiferan
JN003665.1,foraminiferan
JN003664.1,foraminiferan
JN003663.1,foraminiferan
JN003662.1,foraminiferan
JN003661.1,foraminiferan
JN003660.1,foraminiferan
JN003659.1,foraminiferan
JN003658.1,foraminiferan
JN003657.1,foraminiferan
JN003656.1,foraminiferan
JN003655.1,foraminiferan
JF800015.1,organism
JF800014.1,organism
JF800013.1,organism
JF800012.1,organism
JF800011.1,organism
JF800010.1,organism
JF800009.1,organism
JF800008.1,organism
JF800007.1,organism
JF800006.1,organism
JF800005.1,organism
JF800004.1,organism
JF800003.1,organism
JF800002.1,organism
JF800001.1,organism
JF800000.1,organism
JF799999.1,organism
JF799998.1,organism
JF799997.1,organism
JF799996.1,organism
JF799995.1,organism
JF799994.1,organism
JF799993.1,organism
JF799992.1,organism
JF799991.1,organism
JF799990.1,organism
JF799989.1,organism
JF799988.1,organism
JF799987.1,organism
GU474200.1,A08
GU474199.1,H04
GU474198.1,H07
GU474197.1,B03
GU474196.1,B06
GU474195.1,G05
GU474194.1,B11
GU474193.1,B10
GU474192.1,E11
GU474191.1,E04
GU474190.1,H10
GU474189.1,H03
GU474188.1,F09
GU474187.1,F10
GU474186.1,E01
GU474185.1,C10
GU474184.1,B05
GU474183.1,A12
GU474182.1,A04
GU474181.1,E03
GU474180.1,C08
GU474179.1,F04
GU474178.1,D08
GU474177.1,A03
GU474176.1,B12
GU474175.1,G10
GU474174.1,C06
GU474173.1,E05
GU474172.1,B04
GU474171.1,C01
GU474170.1,A06
GU474169.1,B08
GU474168.1,G11
GU474167.1,A11
GU474166.1,A02
GU474165.1,F11
GU474164.1,E02
GU474163.1,F03
GU474162.1,F02
GU474161.1,C11
GU474160.1,H09
GU474159.1,H11
GU474158.1,C12
GU474157.1,F08
GU474156.1,D03
GU474155.1,A10
GU474154.1,G03
GU474153.1,E06
GU474152.1,C04
GU474151.1,G07
GU474150.1,E07
GU474149.1,G09
GU474148.1,F07
GU474147.1,B01
GU474146.1,H01
GU474145.1,H05
GU474144.1,G12
GU474143.1,A05
GU474142.1,G06
GU474141.1,D06
GU474140.1,A07
GU474139.1,D02
GU474138.1,E12
GU474137.1,E09
GU474136.1,D04
GU474135.1,G02
GU474134.1,F01
GU474133.1,E08
GU474132.1,H06
GU474131.1,G04
GU474130.1,F12
GU474129.1,D01
GU474128.1,E10
GU474127.1,C07
GU474126.1,D11
GU474125.1,D07
GU474124.1,D10
GU474123.1,H08
GU474122.1,D05
GU474121.1,D12
GU474120.1,C09
GU474119.1,D09
GU474118.1,G01
GU474117.1,C03
GU474116.1,C02
GU474115.1,F06
GU474114.1,F05
GU474113.1,A01
GU474112.1,103
GU474111.1,67
GU474110.1,11
GU474109.1,143
GU474108.1,127
GU474107.1,123
GU474106.1,78
GU474105.1,102
GU474104.1,47
GU474103.1,79
GU474102.1,36
GU474101.1,23
GU474100.1,10
GU474099.1,96
GU474098.1,139
GU474097.1,112
GU474096.1,35
GU474095.1,136
GU474094.1,126
GU474093.1,39
GU474092.1,7
GU474091.1,66
GU474090.1,113
GU474089.1,114
GU474088.1,94
GU474087.1,84
GU474086.1,110
GU474085.1,20
GU474084.1,85
GU474083.1,58
GU474082.1,134
GU474081.1,40
GU474080.1,64
GU474079.1,130
GU474078.1,83
GU474077.1,33
GU474076.1,125
GU474075.1,124
GU474074.1,80
GU474073.1,3
GU474072.1,116
GU474071.1,111
GU474070.1,98
GU474069.1,129
GU474068.1,95
GU474067.1,77
GU474066.1,65
GU474065.1,55
GU474064.1,17
GU474063.1,6
GU474062.1,115
GU474061.1,137
GU474060.1,8
GU474059.1,1
GU474058.1,140
GU474057.1,5
GU474056.1,97
GU474055.1,44
GU474054.1,12
GU474053.1,131
GU474052.1,88
GU474051.1,101
GU474050.1,141
GU474049.1,133
GU474048.1,26
GU474047.1,72
GU474046.1,49
GU474045.1,43
GU474044.1,82
GU474043.1,27
GU474042.1,13
GU474041.1,15
GU474040.1,109
GU474039.1,105
GU474038.1,119
GU474037.1,87
GU474036.1,2
GU474035.1,62
GU474034.1,48
GU474033.1,14
GU474032.1,142
GU474031.1,59
GU474030.1,25
GU474029.1,24
GU474028.1,18
GU474027.1,144
GU474026.1,50
GU474025.1,104
GU474024.1,4
GQ246021.1,haptophyte
GQ246020.1,haptophyte
GQ246019.1,haptophyte
GQ246018.1,haptophyte
GQ246017.1,haptophyte
GQ246016.1,haptophyte
GQ246015.1,haptophyte
GQ246014.1,haptophyte
GQ246013.1,haptophyte
KC158222.1,Teredothyra
KC158221.1,Teredothyra
KC158220.1,Teredothyra
KC158219.1,Teredothyra
KC158218.1,Lyrodus
KC158217.1,Lyrodus
KC158216.1,Lyrodus
KC158215.1,Nototeredo
KC158214.1,Nototeredo
KC158213.1,Bankia
KC158212.1,Nototeredo
KC158211.1,Lyrodus
KC158210.1,Nototeredo
KC158209.1,Nototeredo
KC158208.1,Nototeredo
KC158207.1,Nototeredo
KC158206.1,Nototeredo
KC158205.1,Nototeredo
KC158204.1,Nototeredo
KC158203.1,Lyrodus
KC158202.1,Lyrodus
KC158201.1,Lyrodus
KC158200.1,Lyrodus
KC158199.1,Lyrodus
KC158198.1,Lyrodus
KC158197.1,Lyrodus
KC158196.1,Lyrodus
KC158195.1,Bankia
MF992124.1,ELS11
MF992116.1,ELS21
MF992112.1,ELS25
MF992108.1,E51A8
MF992099.1,EK2A2
MF992097.1,EK2A4
MF992096.1,EK2A5
MF992095.1,EK2A6
MF992092.1,Euglyphida
MF992090.1,stramenopile
MF992089.1,EK2L5
MF992088.1,stramenopile
KX259324.1,Paramyxa
DQ394804.1,Tripyloides
DQ394803.1,Terschellingia
DQ394802.1,Paralinhomoeus
DQ394801.1,Daptonema
DQ394800.1,Sphaerolaimus
DQ394799.1,Paralinhomoeus
DQ394798.1,Sphaerolaimus
DQ394797.1,Neochromadora
DQ394796.1,Metachromadora
DQ394795.1,Metachromadora
DQ394794.1,Theristus
DQ394793.1,Cyatholaimidae
DQ394792.1,Sphaerolaimus
DQ394790.1,Adoncholaimus
DQ394789.1,Sphaerolaimus
DQ394787.1,Enoploides
DQ394785.1,Sabatieria
DQ394784.1,Daptonema
DQ394783.1,Unidentified
DQ394782.1,Daptonema
DQ394781.1,Metachromadora
DQ394780.1,Axonolaimus
DQ394779.1,Sphaerolaimus
DQ394778.1,Sphaerolaimus
DQ394777.1,Paralinhomoeus
DQ394776.1,Terschellingia
DQ394775.1,Terschellingia
DQ394774.1,Metachromadora
DQ394773.1,Theristus
DQ394772.1,Sphaerolaimus
DQ394771.1,Terschellingia
DQ394770.1,Sabatieria
DQ394769.1,Metachromadora
DQ394768.1,Daptonema
DQ394767.1,Paracanthonchus
DQ394766.1,Anoplostoma
DQ394765.1,Praeacanthonchus
DQ394764.1,Terschellingia
DQ394763.1,Praeacanthonchus
DQ394762.1,Metachromadora
DQ394761.1,Terschellingia
DQ394760.1,Daptonema
DQ394759.1,Daptonema
DQ394758.1,Cyatholaimus
DQ394757.1,Metachromadora
DQ394756.1,Neochromadora
DQ394755.1,Paracanthonchus
DQ394754.1,Theristus
DQ394753.1,Terschellingia
DQ394752.1,Anoplostoma
DQ394751.1,Adoncholaimus
DQ394750.1,Axonolaimus
DQ394749.1,Halichoanolaimus
DQ394748.1,Desmodora
DQ394747.1,Terschellingia
DQ394746.1,Sabatieria
DQ394745.1,Paralinhomoeus
DQ394744.1,Daptonema
DQ394743.1,Setosabatieria
DQ394742.1,Sabatieria
DQ394741.1,Terschellingia
DQ394740.1,Viscosia
DQ394739.1,Terschellingia
DQ394738.1,Ascolaimus
DQ394737.1,Terschellingia
DQ394736.1,Terschellingia
DQ394735.1,Atrochromadora
DQ394734.1,Sabatieria
DQ394733.1,Sphaerolaimus
DQ394732.1,Metachromadora
DQ394731.1,Enoploides
DQ394730.1,Praeacanthonchus
DQ394729.1,Terschellingia
DQ394728.1,Dichromadora
DQ394727.1,Sabatieria
DQ394726.1,Spirinia
DQ394725.1,Adoncholaimus
KP099904.1,Cladosporium
KP099903.1,Cladosporium
KP099902.1,Cladosporium
KP099901.1,Bathycoccaceae
KP099900.1,Mamiellales
KP099899.1,Dinophysis
KP099897.1,Mamiellales
KP099896.1,Vannellidae
KP099894.1,Vannellidae
KP099893.1,Mamiellales
KP099892.1,Dinophysis
KP099891.1,Tintinnida
KP099890.1,Vannellidae
KP099889.1,Vannellidae
KP099888.1,Mamiellales
KP099887.1,Dinophysis
KP099886.1,Exophiala
KP099885.1,Dinophysis
KP099884.1,Ostreococcus
KP099882.1,Vannellidae
KP099881.1,Mamiellales
KP099880.1,Mamiellales
KP099879.1,Vannellidae
KP099878.1,Dinophysis
KP099877.1,Rhodotorula
KP099876.1,Cladosporium
KP099874.1,Ostreococcus
KP099873.1,Micromonas
KP099872.1,Mamiellales
KP099870.1,Micromonas
KP099869.1,Dinophysis
KP099867.1,Micromonas
KP099866.1,Bathycoccaceae
KP099865.1,Mamiellales
KP099864.1,Mamiellales
KP099863.1,Tintinnida
KP099862.1,Mamiellales
KP099861.1,Micromonas
KP099860.1,Exophiala
KP099858.1,Mamiellales
KP099857.1,Micromonas
KP099854.1,Mamiellales
KP099853.1,Exophiala
KP099850.1,oligohymenophorean
KP099849.1,Vannellidae
KP099848.1,Mamiellales
KP099846.1,Ostreococcus
KP099845.1,Ostreococcus
KP099844.1,Gyrodinium
KP099843.1,Mamiellales
KP099842.1,Mamiellales
KP099841.1,Mamiellales
KP099840.1,Micromonas
KP099839.1,Micromonas
KP099838.1,Mamiellales
KP099837.1,Micromonas
KP099836.1,Mamiellales
KP099835.1,Mamiellales
KP099833.1,Vannellidae
KP099832.1,Ostreococcus
KP099830.1,Agaricomycetes
KP099829.1,Tintinnida
KP099827.1,Sporadotrichida
KP099825.1,Sporadotrichida
KP099823.1,Mamiellales
KP099822.1,Mamiellales
KP099820.1,Vannellidae
KP099819.1,Dinophysis
KP099818.1,Skeletonema
KP099817.1,Amphidinium
KP099816.1,Cymatosiraceae
KP099815.1,Thalassiosirales
KP099812.1,Cymatosiraceae
KP099811.1,Tetraselmis
KP099809.1,Minidiscus
KP099808.1,Skeletonema
KP099807.1,Skeletonema
KP099806.1,Thalassiosira
KP099805.1,Micromonas
KP099804.1,Thalassiosira
KP099803.1,Skeletonema
KP099802.1,Minidiscus
KP099801.1,Thalassiosira
KP099800.1,Cymatosiraceae
KP099799.1,Cymatosiraceae
KP099798.1,Cymatosiraceae
KP099797.1,Skeletonema
KP099796.1,Pseudo-nitzschia
KP099795.1,Cymatosiraceae
KP099794.1,Thalassiosira
KP099793.1,Skeletonema
KP099792.1,Cymatosiraceae
KP099791.1,Thalassiosira
KP099790.1,Thalassiosira
KP099789.1,Minidiscus
KP099788.1,Amphidinium
KP099787.1,Chaetoceros
KP099786.1,Chaetoceros
KP099785.1,Eucampia
KP099784.1,spirotrich
KP099783.1,Coscinodiscophyceae
KP099782.1,Skeletonema
KP099781.1,Chaetoceros
KP099778.1,Thalassiosirales
KP099777.1,Thalassiosirales
KP099776.1,Chaetoceros
KP099775.1,Cymatosiraceae
KP099774.1,Thalassiosira
KP099772.1,Cymatosiraceae
KP099771.1,Cymatosiraceae
KP099770.1,Chaetoceros
KP099767.1,Cymatosiraceae
KP099765.1,Thalassiosira
KP099762.1,Chaetoceros
KP099761.1,Thalassiosira
KP099760.1,Cymatosiraceae
KP099759.1,Cymatosiraceae
KP099758.1,Minidiscus
KP099756.1,Cymatosiraceae
KP099755.1,Nitzschia
KP099754.1,Skeletonema
KP099752.1,Skeletonema
KP099751.1,Thalassiosira
KP099748.1,Skeletonema
KP099747.1,Sporadotrichida
KP099745.1,Cymatosiraceae
KP099743.1,Thalassiosira
KP099742.1,Cymatosiraceae
KP099741.1,Cymatosiraceae
KP099740.1,Skeletonema
KP099739.1,Skeletonema
KP099738.1,Cymatosiraceae
KP099736.1,Thalassiosirales
KP099735.1,Thalassiosirales
KP099734.1,Skeletonema
KP099733.1,Skeletonema
KP099732.1,Thalassiosira
KP099730.1,Ulvophyceae
KP099729.1,Chaetoceros
KP099728.1,Thalassiosirales
KP099727.1,Skeletonema
KP099726.1,Chaetoceros
KF646486.1,Alexandrium
KF646485.1,Alexandrium
KF646484.1,Alexandrium
KF646481.1,Alexandrium
KF646480.1,Alexandrium
KF646478.1,Alexandrium
KF646477.1,Alexandrium
KF646476.1,Alexandrium
KF646475.1,Alexandrium
KF646473.1,Alexandrium
KF646472.1,Alexandrium
KF646471.1,Alexandrium
KF646470.1,Alexandrium
KF646469.1,Alexandrium
KF192310.1,fungus
KF192309.1,fungus
KF192308.1,fungus
KF192307.1,fungus
KF192306.1,fungus
KF192305.1,fungus
KF192304.1,fungus
KF192303.1,fungus
KF192302.1,fungus
KF192301.1,fungus
KF192300.1,fungus
KF192299.1,fungus
KF192298.1,fungus
KF192297.1,fungus
KF192296.1,fungus
KF192295.1,fungus
KF192294.1,fungus
KF192293.1,fungus
KF192292.1,fungus
KF192291.1,fungus
KF192290.1,fungus
KF192289.1,fungus
KF192288.1,fungus
KF192287.1,fungus
KF192286.1,fungus
KF192285.1,fungus
KF192284.1,fungus
KF192283.1,fungus
KF192282.1,fungus
KF192281.1,fungus
KF192280.1,fungus
KF192279.1,fungus
KF192278.1,fungus
KF192277.1,fungus
KF192276.1,fungus
KF192275.1,fungus
JX535351.1,Gregarinasina
JX535350.1,Gregarinasina
JX535349.1,Gregarinasina
JX535348.1,Gregarinasina
JX535347.1,Gregarinasina
JX535346.1,Gregarinasina
JX535345.1,Gregarinasina
JX535344.1,Gregarinasina
JX535343.1,Gregarinasina
JX535342.1,Gregarinasina
JX535341.1,Gregarinasina
JX535340.1,Gregarinasina
JX535339.1,Gregarinasina
JX535338.1,Gregarinasina
JX535337.1,Gregarinasina
JX535336.1,Gregarinasina
JN565974.1,ciliate
JN565973.1,ciliate
JN565972.1,ciliate
JN565971.1,ciliate
JN565970.1,ciliate
JN689007.1,ciliate
JN689006.1,ciliate
JN689005.1,ciliate
JN689004.1,ciliate
HQ876008.1,Cephaloidophora
HQ876007.1,Heliospora
HQ876006.1,Thiriotia
HQ909047.1,ciliate
HQ909046.1,ciliate
HQ909045.1,ciliate
HQ909044.1,ciliate
HQ909043.1,ciliate
HQ909042.1,ciliate
HQ909041.1,ciliate
HQ909040.1,ciliate
HQ909039.1,ciliate
HQ909038.1,ciliate
HQ909037.1,ciliate
HQ909036.1,ciliate
HQ909035.1,ciliate
HQ909034.1,ciliate
HQ909033.1,ciliate
HQ909032.1,ciliate
HQ909031.1,ciliate
HQ909030.1,ciliate
HQ909029.1,ciliate
FJ834324.1,DGGE
FJ834323.1,DGGE
FJ834322.1,DGGE
FJ834321.1,DGGE
FJ834320.1,DGGE
FJ834319.1,DGGE
FJ834318.1,DGGE
FJ834317.1,DGGE
FJ834316.1,DGGE
FJ834315.1,DGGE
FJ834314.1,DGGE
FJ834313.1,DGGE
FJ834312.1,DGGE
FJ834311.1,DGGE
FJ834310.1,DGGE
FJ834309.1,DGGE
FJ834308.1,DGGE
FJ834307.1,DGGE
FJ797032.1,DGGE
FJ797031.1,DGGE
FJ797030.1,DGGE
FJ797029.1,DGGE
FJ797028.1,DGGE
FJ797027.1,DGGE
FJ797026.1,DGGE
FJ797025.1,DGGE
FJ797024.1,DGGE
FJ797023.1,DGGE
FJ797022.1,DGGE
FJ797021.1,DGGE
FJ797020.1,DGGE
FJ797019.1,DGGE
FJ797018.1,DGGE
FJ797017.1,DGGE
FJ797016.1,DGGE
FJ797015.1,DGGE
FJ797014.1,DGGE
FJ797013.1,DGGE
FJ797012.1,DGGE
FJ797011.1,DGGE
FJ797010.1,DGGE
FJ797009.1,DGGE
FJ797008.1,DGGE
FJ797007.1,DGGE
FJ797006.1,DGGE
FJ797005.1,DGGE
FJ797004.1,DGGE
FJ797003.1,DGGE
FJ797002.1,DGGE
FJ797001.1,DGGE
FJ797000.1,DGGE
FJ796999.1,DGGE
FJ796998.1,DGGE
FJ796997.1,DGGE
FJ796996.1,DGGE
FJ796995.1,DGGE
FJ796994.1,DGGE
GU949619.1,B39R
GU949618.1,B38R
GU949617.1,B37R
GU949616.1,B36R
GU949615.1,B34R
GU949614.1,B33R
GU949613.1,B32R
GU949612.1,B310R
GU949611.1,B28R
GU949610.1,B27R
GU949609.1,B25R
GU949608.1,B24R
GU949607.1,B23R
GU949606.1,B22R
GU949605.1,B21R
GU949604.1,B218R
GU949603.1,B217R
GU949602.1,B216R
GU949601.1,B215R
GU949600.1,B214R
GU949599.1,B212R
GU949598.1,B211R
DQ234297.1,BS_DGGE_Hap3
DQ234296.1,BS_DGGE_Hap2
DQ234295.1,BS_DGGE_Hap1
DQ234294.1,BS_DGGE_Euk-13
DQ234293.1,BS_DGGE_Euk-12b
DQ234292.1,BS_DGGE_Euk-12a
DQ234291.1,BS_DGGE_Euk-11
DQ234290.1,BS_DGGE_Euk-10
DQ234289.1,BS_DGGE_Euk-9
DQ234288.1,BS_DGGE_Euk-8
DQ234287.1,BS_DGGE_Euk-7
DQ234286.1,BS_DGGE_Euk-6
DQ234285.1,BS_DGGE_Euk-5
DQ234284.1,BS_DGGE_Euk-4
DQ234283.1,BS_DGGE_Euk-3
DQ234282.1,BS_DGGE_Euk-2
DQ234281.1,BS_DGGE_Euk-1
AY753632.1,Neobodo
AY753631.1,Bodonidae
AY753630.1,Neobodo
AY753629.1,Neobodo
AY753628.1,Neobodo
AY753627.1,Neobodo
AY753626.1,Neobodo
AY753625.1,Bodonidae
AY753624.1,Bodonidae
AY753623.1,Neobodo
AY753622.1,Neobodo
AY753621.1,Neobodo
AY753620.1,Neobodo
AY753619.1,Neobodo
AY753618.1,Bodonidae
AY753617.1,Neobodo
AY753616.1,Neobodo
AY753615.1,Neobodo
AY753614.1,Neobodo
AY753613.1,Neobodo
AY753612.1,Neobodo
AY753611.1,Neobodo
AY753610.1,Bodonidae
AY753609.1,Neobodo
AY753608.1,Neobodo
AY753607.1,Neobodo
AY753606.1,Neobodo
AY753605.1,Neobodo
AY753604.1,Neobodo
AY753603.1,Neobodo
AY753602.1,Neobodo
AY753601.1,Bodonidae
AY753600.1,Bodonidae
AY753599.1,Dimastigella
AY753598.1,Dimastigella
AY753597.1,Dimastigella
AY551273.1,Prorocentrum
AY551272.1,Prorocentrum
NC_134215.1,Caretta
BLLF01000913.1,Haematococcus
BLLF01003122.1,Haematococcus
BLLF01005750.1,Haematococcus
KX944168.1,Viscosia
KX944167.1,Viscosia
KX944166.1,Theristus
KX944165.1,Thalassironus
KX944164.1,Terschellingia
KX944163.1,Terschellingia
KX944162.1,Spirinia
KX944161.1,Sphaerolaimus
KX944160.1,Setosabatieria
KX944159.1,Sabatieria
KX944158.1,Ptycholaimellus
KX944157.1,Prochromadorella
KX944156.1,Prochaetosoma
KX944155.1,Praeacanthonchus
KX944154.1,Pareurystomina
KX944153.1,Paralinhomoeus
KX944152.1,Paracyatholaimus
KX944151.1,Paracomesoma
KX944150.1,Oncholaimus
KX944149.1,Odontophoroides
KX944148.1,Odontophora
KX944147.1,Neochromadora
KX944146.1,Nemanema
KX944145.1,Microlaimus
KX944144.1,Metadesmolaimus
KX944143.1,Metachromadora
KX944142.1,Metachromadora
KX944141.1,Metachromadoroides
KX944140.1,Linhomoeus
KX944139.1,Linhomoeus
KX944138.1,Halalaimus
KX944137.1,Eurystomina
KX944136.1,Eurystomina
KX944135.1,Desmolaimus
KX944134.1,Daptonema
KX944133.1,Daptonema
KX944132.1,Daptonema
KX944131.1,Chromadora
KX944130.1,Bathylaimus
KX944129.1,Axonolaimus
KX944128.1,Atrochromadora
KX944127.1,Anticoma
KX944126.1,Anoplostoma
KY000020.1,Artemia
KY000019.1,Artemia
KY000018.1,Artemia
KY000017.1,Artemia
KY000016.1,Artemia
KY000015.1,Artemia
KY000014.1,Artemia
JF712871.1,Bonamia
JF712870.1,Bonamia
JF712869.1,Bonamia
JF712868.1,Bonamia
JF712867.1,Bonamia
KJ753898.1,Inanidrilus
KJ753897.1,Gianius
KJ753896.1,Thalassodrilus
KJ753895.1,Peosidrilus
KJ753894.1,Adelodrilus
KJ753893.1,Heterodrilus
KJ753892.1,Heterodrilus
KJ753891.1,Heterodrilus
KJ753890.1,Heterodrilus
KJ753889.1,Heterodrilus
KJ753888.1,Heterodrilus
KJ753887.1,Heterodrilus
KJ753886.1,Heterodrilus
HM053544.1,Aequorea
HM053542.1,Muggiaea
HM053541.1,Muggiaea
HM053540.1,Muggiaea
HM053539.1,Sugiura
HM053538.1,Sugiura
HM053537.1,Sugiura
HM053536.1,Sugiura
HM053535.1,Pleurobrachia
HM053534.1,Lovenella
HM053533.1,Nausithoe
EF017804.1,Prorocentrum
NC_092575.1,Apostichopus
NW_024102836.1,Styela
JAGRRH010000017.1,Nitzschia
CBFDJZ010000041.1,soil
CBFDNW010000015.1,soil
NC_092631.1,Amphiura
NC_134893.1,Babylonia
NC_044364.1,Archocentrus
JAQIZV010000010.1,Populus
CBFDRK010000005.1,soil
NC_134882.1,Babylonia
NC_134226.1,Caretta
NC_134887.1,Babylonia
NC_134233.1,Caretta
NC_044358.1,Archocentrus
NC_050524.1,Oryzias
OZ223948.1,Natator
OZ223920.1,Eretmochelys
OZ223891.1,Eretmochelys
OZ223863.1,Natator
OZ223596.1,Lepidochelys
OZ223568.1,Lepidochelys
JAQIZU010000018.1,Populus
OZ223121.1,Lepidochelys
OZ222934.1,Caretta
OZ222864.1,Lepidochelys
NC_066853.1,Lates
MRZV01000379.1,Apostichopus
OZ222817.1,Caretta
JAQIZT010000018.1,Populus
OZ223927.1,Eretmochelys
OZ223898.1,Eretmochelys
OZ222941.1,Caretta
OZ223955.1,Natator
OZ223870.1,Natator
OZ223603.1,Lepidochelys
OZ223575.1,Lepidochelys
CM055393.1,Populus
OZ223128.1,Lepidochelys
OZ222871.1,Lepidochelys
JARQWQ010000045.1,Acropora
JARQWQ010000051.1,Acropora
CM055382.1,Populus
CM055363.1,Populus
NM_001286082.2,Homo
NM_016404.3,Homo
NM_001372072.1,Homo
NM_001286084.2,Homo
NM_001372071.1,Homo
MT680800.1,Vampyroteuthis
MT680765.1,Vampyroteuthis
MT680799.1,Teuthowenia
MT680764.1,Vampyroteuthis
MT680798.1,Stigmatoteuthis
MT680763.1,Taonius
MT680797.1,Selenoteuthis
MT680762.1,Taningia
MT680796.1,Pterygioteuthis
MT680761.1,Taningia
MT680795.1,Pterygioteuthis
MT680760.1,Taningia
MT680794.1,Pterygioteuthis
MT680759.1,Stigmatoteuthis
MT680793.1,Pterygioteuthis
MT680758.1,Sthenoteuthis
MT680792.1,Ornithoteuthis
MT680757.1,Selenoteuthis
MT680756.1,Ornithoteuthis
MT680790.1,Taningia
MT680755.1,Ornithoteuthis
MT680789.1,Mastigopsis
MT680754.1,Ornithoteuthis
MT680753.1,Octopoteuthis
MT680787.1,Liocranchia
MT680752.1,Octopoteuthis
MT680786.1,Liocranchia
MT680751.1,Taningia
MT680785.1,Liocranchia
MT680750.1,Mastigoteuthis
MT680784.1,Leachia
MT680749.1,Mastigopsis
MT680783.1,Leachia
MT680748.1,Liocranchia
MT680782.1,Histioteuthis
MT680747.1,Liocranchia
MT680781.1,Histioteuthis
MT680746.1,Leachia
MT680780.1,Histioteuthis
MT680745.1,Histioteuthis
MT680744.1,Histioteuthis
MT680743.1,Histioteuthis
MT680777.1,Helicocranchia
MT680742.1,Histioteuthis
MT680776.1,Helicocranchia
MT680775.1,Enoploteuthis
MT680774.1,Egea
MT680739.1,Chtenopteryx
MT680773.1,Cranchia
MT680738.1,Cranchia
MT680772.1,Chiroteuthis
MT680737.1,Bathyteuthis
MT680771.1,Bathothauma
MT680736.1,Bathyteuthis
MT680770.1,Abraliopsis
MT680735.1,Bathyteuthis
MT680769.1,Abraliopsis
MT680734.1,Ancistrocheirus
MT680768.1,Abraliopsis
MT680733.1,Abraliopsis
MT680767.1,Abraliopsis
MT680732.1,Abralia
MT680766.1,Abraliopsis
MT680731.1,Abralia
MT680730.1,Abraliopsis
MT680729.1,Abraliopsis
MT680728.1,Abraliopsis
MT680727.1,Abraliopsis
MT680788.1,Mastigopsis
MT680779.1,Heteroteuthis
MT680778.1,Heteroteuthis
MT680741.1,Heteroteuthis
MT680740.1,Heteroteuthis
